{
  "appid": "wxd773aade5f219d46",
  "projectname": "%E9%83%A8%E9%97%A82",
  "compileType": "miniprogram",
  "libVersion": "3.8.11",
  "packOptions": {
    "ignore": [],
    "include": []
  },
  "condition": {},
  "setting": {
    "coverView": true,
    "es6": true,
    "postcss": true,
    "minified": true,
    "enhance": true,
    "showShadowRootInWxmlPanel": true,
    "packNpmRelationList": [],
    "compileHotReLoad": true,
    "babelSetting": {
      "ignore": [],
      "disablePlugins": [],
      "outputPath": ""
    }
  },
  "editorSetting": {
    "tabIndent": "insertSpaces",
    "tabSize": 2
  }
}